"","Ext. Substrate","R^2","RMS Error"
"A",1,0.700338946464822,8.35395374667988
"B",2,0.654942258811893,11.1882637292735
"C",3,0.926065759758796,13.9314084598395
"D",4,0.725843229790543,19.7903749978957
"E",5,0.575135746802692,22.5763430676413
